,sequence,c(mol),na(mol/L),dh,ds,tm
0,AATTCCGGCCAATTGG,5e-07,0.05,-137.79999999999995,-0.34400000000000003,61.849593749330836
1,AAATTCCGGCCAATTGG,5e-07,0.05,-146.9,-0.3680000000000001,63.169375782262875
2,AACTTCCGGCCAATTGG,5e-07,0.05,-143.49999999999997,-0.3582,63.43790581246782
